Sensor_1_Temperature	Sensor_1	Sensor_Temperature
Sensor_1_Humidity	Sensor_1	Sensor_Humidity
Sensor_1_AirPressure	Sensor_1	Sensor_AirPressure
Sensor_1_Voltage	Sensor_1	Sensor_Voltage
Sensor_2_Temperature	Sensor_2	Sensor_Temperature
Sensor_2_Humidity	Sensor_2	Sensor_Humidity
Sensor_2_AirPressure	Sensor_2	Sensor_AirPressure
Sensor_2_Voltage	Sensor_2	Sensor_Voltage
Sensor_3_Temperature	Sensor_3	Sensor_Temperature
Sensor_3_Humidity	Sensor_3	Sensor_Humidity
Sensor_3_AirPressure	Sensor_3	Sensor_AirPressure
Sensor_3_Voltage	Sensor_3	Sensor_Voltage
Sensor_4_Temperature	Sensor_4	Sensor_Temperature
Sensor_4_Humidity	Sensor_4	Sensor_Humidity
Sensor_4_AirPressure	Sensor_4	Sensor_AirPressure
Sensor_4_Voltage	Sensor_4	Sensor_Voltage
Sensor_5_Temperature	Sensor_5	Sensor_Temperature
Sensor_5_Humidity	Sensor_5	Sensor_Humidity
Sensor_5_AirPressure	Sensor_5	Sensor_AirPressure
Sensor_5_Voltage	Sensor_5	Sensor_Voltage
Sensor_6_Temperature	Sensor_6	Sensor_Temperature
Sensor_6_Humidity	Sensor_6	Sensor_Humidity
Sensor_6_AirPressure	Sensor_6	Sensor_AirPressure
Sensor_6_Voltage	Sensor_6	Sensor_Voltage
Sensor_7_Temperature	Sensor_7	Sensor_Temperature
Sensor_7_Humidity	Sensor_7	Sensor_Humidity
Sensor_7_AirPressure	Sensor_7	Sensor_AirPressure
Sensor_7_Voltage	Sensor_7	Sensor_Voltage
Sensor_8_Temperature	Sensor_8	Sensor_Temperature
Sensor_8_Humidity	Sensor_8	Sensor_Humidity
Sensor_8_AirPressure	Sensor_8	Sensor_AirPressure
Sensor_8_Voltage	Sensor_8	Sensor_Voltage
Sensor_9_Temperature	Sensor_9	Sensor_Temperature
Sensor_9_Humidity	Sensor_9	Sensor_Humidity
Sensor_9_AirPressure	Sensor_9	Sensor_AirPressure
Sensor_9_Voltage	Sensor_9	Sensor_Voltage
Sensor_10_Temperature	Sensor_10	Sensor_Temperature
Sensor_10_Humidity	Sensor_10	Sensor_Humidity
Sensor_10_AirPressure	Sensor_10	Sensor_AirPressure
Sensor_10_Voltage	Sensor_10	Sensor_Voltage
Sensor_11_Temperature	Sensor_11	Sensor_Temperature
Sensor_11_Humidity	Sensor_11	Sensor_Humidity
Sensor_11_AirPressure	Sensor_11	Sensor_AirPressure
Sensor_11_Voltage	Sensor_11	Sensor_Voltage
Sensor_12_Temperature	Sensor_12	Sensor_Temperature
Sensor_12_Humidity	Sensor_12	Sensor_Humidity
Sensor_12_AirPressure	Sensor_12	Sensor_AirPressure
Sensor_12_Voltage	Sensor_12	Sensor_Voltage
Sensor_13_Temperature	Sensor_13	Sensor_Temperature
Sensor_13_Humidity	Sensor_13	Sensor_Humidity
Sensor_13_AirPressure	Sensor_13	Sensor_AirPressure
Sensor_13_Voltage	Sensor_13	Sensor_Voltage
Sensor_14_Temperature	Sensor_14	Sensor_Temperature
Sensor_14_Humidity	Sensor_14	Sensor_Humidity
Sensor_14_AirPressure	Sensor_14	Sensor_AirPressure
Sensor_14_Voltage	Sensor_14	Sensor_Voltage
Sensor_15_Temperature	Sensor_15	Sensor_Temperature
Sensor_15_Humidity	Sensor_15	Sensor_Humidity
Sensor_15_AirPressure	Sensor_15	Sensor_AirPressure
Sensor_15_Voltage	Sensor_15	Sensor_Voltage
Sensor_16_Temperature	Sensor_16	Sensor_Temperature
Sensor_16_Humidity	Sensor_16	Sensor_Humidity
Sensor_16_AirPressure	Sensor_16	Sensor_AirPressure
Sensor_16_Voltage	Sensor_16	Sensor_Voltage
Sensor_17_Temperature	Sensor_17	Sensor_Temperature
Sensor_17_Humidity	Sensor_17	Sensor_Humidity
Sensor_17_AirPressure	Sensor_17	Sensor_AirPressure
Sensor_17_Voltage	Sensor_17	Sensor_Voltage
Sensor_18_Temperature	Sensor_18	Sensor_Temperature
Sensor_18_Humidity	Sensor_18	Sensor_Humidity
Sensor_18_AirPressure	Sensor_18	Sensor_AirPressure
Sensor_18_Voltage	Sensor_18	Sensor_Voltage
Sensor_19_Temperature	Sensor_19	Sensor_Temperature
Sensor_19_Humidity	Sensor_19	Sensor_Humidity
Sensor_19_AirPressure	Sensor_19	Sensor_AirPressure
Sensor_19_Voltage	Sensor_19	Sensor_Voltage
Sensor_20_Temperature	Sensor_20	Sensor_Temperature
Sensor_20_Humidity	Sensor_20	Sensor_Humidity
Sensor_20_AirPressure	Sensor_20	Sensor_AirPressure
Sensor_20_Voltage	Sensor_20	Sensor_Voltage
Sensor_21_Temperature	Sensor_21	Sensor_Temperature
Sensor_21_Humidity	Sensor_21	Sensor_Humidity
Sensor_21_AirPressure	Sensor_21	Sensor_AirPressure
Sensor_21_Voltage	Sensor_21	Sensor_Voltage
Sensor_22_Temperature	Sensor_22	Sensor_Temperature
Sensor_22_Humidity	Sensor_22	Sensor_Humidity
Sensor_22_AirPressure	Sensor_22	Sensor_AirPressure
Sensor_22_Voltage	Sensor_22	Sensor_Voltage
Sensor_23_Temperature	Sensor_23	Sensor_Temperature
Sensor_23_Humidity	Sensor_23	Sensor_Humidity
Sensor_23_AirPressure	Sensor_23	Sensor_AirPressure
Sensor_23_Voltage	Sensor_23	Sensor_Voltage
Sensor_24_Temperature	Sensor_24	Sensor_Temperature
Sensor_24_Humidity	Sensor_24	Sensor_Humidity
Sensor_24_AirPressure	Sensor_24	Sensor_AirPressure
Sensor_24_Voltage	Sensor_24	Sensor_Voltage
Sensor_25_Temperature	Sensor_25	Sensor_Temperature
Sensor_25_Humidity	Sensor_25	Sensor_Humidity
Sensor_25_AirPressure	Sensor_25	Sensor_AirPressure
Sensor_25_Voltage	Sensor_25	Sensor_Voltage
Sensor_26_Temperature	Sensor_26	Sensor_Temperature
Sensor_26_Humidity	Sensor_26	Sensor_Humidity
Sensor_26_AirPressure	Sensor_26	Sensor_AirPressure
Sensor_26_Voltage	Sensor_26	Sensor_Voltage
Sensor_27_Temperature	Sensor_27	Sensor_Temperature
Sensor_27_Humidity	Sensor_27	Sensor_Humidity
Sensor_27_AirPressure	Sensor_27	Sensor_AirPressure
Sensor_27_Voltage	Sensor_27	Sensor_Voltage
Sensor_28_Temperature	Sensor_28	Sensor_Temperature
Sensor_28_Humidity	Sensor_28	Sensor_Humidity
Sensor_28_AirPressure	Sensor_28	Sensor_AirPressure
Sensor_28_Voltage	Sensor_28	Sensor_Voltage
Sensor_29_Temperature	Sensor_29	Sensor_Temperature
Sensor_29_Humidity	Sensor_29	Sensor_Humidity
Sensor_29_AirPressure	Sensor_29	Sensor_AirPressure
Sensor_29_Voltage	Sensor_29	Sensor_Voltage
Sensor_30_Temperature	Sensor_30	Sensor_Temperature
Sensor_30_Humidity	Sensor_30	Sensor_Humidity
Sensor_30_AirPressure	Sensor_30	Sensor_AirPressure
Sensor_30_Voltage	Sensor_30	Sensor_Voltage
Sensor_31_Temperature	Sensor_31	Sensor_Temperature
Sensor_31_Humidity	Sensor_31	Sensor_Humidity
Sensor_31_AirPressure	Sensor_31	Sensor_AirPressure
Sensor_31_Voltage	Sensor_31	Sensor_Voltage
Sensor_32_Temperature	Sensor_32	Sensor_Temperature
Sensor_32_Humidity	Sensor_32	Sensor_Humidity
Sensor_32_AirPressure	Sensor_32	Sensor_AirPressure
Sensor_32_Voltage	Sensor_32	Sensor_Voltage
Sensor_33_Temperature	Sensor_33	Sensor_Temperature
Sensor_33_Humidity	Sensor_33	Sensor_Humidity
Sensor_33_AirPressure	Sensor_33	Sensor_AirPressure
Sensor_33_Voltage	Sensor_33	Sensor_Voltage
Sensor_34_Temperature	Sensor_34	Sensor_Temperature
Sensor_34_Humidity	Sensor_34	Sensor_Humidity
Sensor_34_AirPressure	Sensor_34	Sensor_AirPressure
Sensor_34_Voltage	Sensor_34	Sensor_Voltage
Sensor_35_Temperature	Sensor_35	Sensor_Temperature
Sensor_35_Humidity	Sensor_35	Sensor_Humidity
Sensor_35_AirPressure	Sensor_35	Sensor_AirPressure
Sensor_35_Voltage	Sensor_35	Sensor_Voltage
Sensor_36_Temperature	Sensor_36	Sensor_Temperature
Sensor_36_Humidity	Sensor_36	Sensor_Humidity
Sensor_36_AirPressure	Sensor_36	Sensor_AirPressure
Sensor_36_Voltage	Sensor_36	Sensor_Voltage
Sensor_37_Temperature	Sensor_37	Sensor_Temperature
Sensor_37_Humidity	Sensor_37	Sensor_Humidity
Sensor_37_AirPressure	Sensor_37	Sensor_AirPressure
Sensor_37_Voltage	Sensor_37	Sensor_Voltage
Sensor_38_Temperature	Sensor_38	Sensor_Temperature
Sensor_38_Humidity	Sensor_38	Sensor_Humidity
Sensor_38_AirPressure	Sensor_38	Sensor_AirPressure
Sensor_38_Voltage	Sensor_38	Sensor_Voltage
Sensor_39_Temperature	Sensor_39	Sensor_Temperature
Sensor_39_Humidity	Sensor_39	Sensor_Humidity
Sensor_39_AirPressure	Sensor_39	Sensor_AirPressure
Sensor_39_Voltage	Sensor_39	Sensor_Voltage
Sensor_40_Temperature	Sensor_40	Sensor_Temperature
Sensor_40_Humidity	Sensor_40	Sensor_Humidity
Sensor_40_AirPressure	Sensor_40	Sensor_AirPressure
Sensor_40_Voltage	Sensor_40	Sensor_Voltage
Sensor_41_Temperature	Sensor_41	Sensor_Temperature
Sensor_41_Humidity	Sensor_41	Sensor_Humidity
Sensor_41_AirPressure	Sensor_41	Sensor_AirPressure
Sensor_41_Voltage	Sensor_41	Sensor_Voltage
Sensor_42_Temperature	Sensor_42	Sensor_Temperature
Sensor_42_Humidity	Sensor_42	Sensor_Humidity
Sensor_42_AirPressure	Sensor_42	Sensor_AirPressure
Sensor_42_Voltage	Sensor_42	Sensor_Voltage
Sensor_43_Temperature	Sensor_43	Sensor_Temperature
Sensor_43_Humidity	Sensor_43	Sensor_Humidity
Sensor_43_AirPressure	Sensor_43	Sensor_AirPressure
Sensor_43_Voltage	Sensor_43	Sensor_Voltage
Sensor_44_Temperature	Sensor_44	Sensor_Temperature
Sensor_44_Humidity	Sensor_44	Sensor_Humidity
Sensor_44_AirPressure	Sensor_44	Sensor_AirPressure
Sensor_44_Voltage	Sensor_44	Sensor_Voltage
Sensor_45_Temperature	Sensor_45	Sensor_Temperature
Sensor_45_Humidity	Sensor_45	Sensor_Humidity
Sensor_45_AirPressure	Sensor_45	Sensor_AirPressure
Sensor_45_Voltage	Sensor_45	Sensor_Voltage
Sensor_46_Temperature	Sensor_46	Sensor_Temperature
Sensor_46_Humidity	Sensor_46	Sensor_Humidity
Sensor_46_AirPressure	Sensor_46	Sensor_AirPressure
Sensor_46_Voltage	Sensor_46	Sensor_Voltage
Sensor_47_Temperature	Sensor_47	Sensor_Temperature
Sensor_47_Humidity	Sensor_47	Sensor_Humidity
Sensor_47_AirPressure	Sensor_47	Sensor_AirPressure
Sensor_47_Voltage	Sensor_47	Sensor_Voltage
Sensor_48_Temperature	Sensor_48	Sensor_Temperature
Sensor_48_Humidity	Sensor_48	Sensor_Humidity
Sensor_48_AirPressure	Sensor_48	Sensor_AirPressure
Sensor_48_Voltage	Sensor_48	Sensor_Voltage
Sensor_49_Temperature	Sensor_49	Sensor_Temperature
Sensor_49_Humidity	Sensor_49	Sensor_Humidity
Sensor_49_AirPressure	Sensor_49	Sensor_AirPressure
Sensor_49_Voltage	Sensor_49	Sensor_Voltage
Sensor_50_Temperature	Sensor_50	Sensor_Temperature
Sensor_50_Humidity	Sensor_50	Sensor_Humidity
Sensor_50_AirPressure	Sensor_50	Sensor_AirPressure
Sensor_50_Voltage	Sensor_50	Sensor_Voltage
Sensor_51_Temperature	Sensor_51	Sensor_Temperature
Sensor_51_Humidity	Sensor_51	Sensor_Humidity
Sensor_51_AirPressure	Sensor_51	Sensor_AirPressure
Sensor_51_Voltage	Sensor_51	Sensor_Voltage
Sensor_52_Temperature	Sensor_52	Sensor_Temperature
Sensor_52_Humidity	Sensor_52	Sensor_Humidity
Sensor_52_AirPressure	Sensor_52	Sensor_AirPressure
Sensor_52_Voltage	Sensor_52	Sensor_Voltage
Sensor_53_Temperature	Sensor_53	Sensor_Temperature
Sensor_53_Humidity	Sensor_53	Sensor_Humidity
Sensor_53_AirPressure	Sensor_53	Sensor_AirPressure
Sensor_53_Voltage	Sensor_53	Sensor_Voltage
Sensor_54_Temperature	Sensor_54	Sensor_Temperature
Sensor_54_Humidity	Sensor_54	Sensor_Humidity
Sensor_54_AirPressure	Sensor_54	Sensor_AirPressure
Sensor_54_Voltage	Sensor_54	Sensor_Voltage
Sensor_55_Temperature	Sensor_55	Sensor_Temperature
Sensor_55_Humidity	Sensor_55	Sensor_Humidity
Sensor_55_AirPressure	Sensor_55	Sensor_AirPressure
Sensor_55_Voltage	Sensor_55	Sensor_Voltage
Sensor_56_Temperature	Sensor_56	Sensor_Temperature
Sensor_56_Humidity	Sensor_56	Sensor_Humidity
Sensor_56_AirPressure	Sensor_56	Sensor_AirPressure
Sensor_56_Voltage	Sensor_56	Sensor_Voltage
Sensor_57_Temperature	Sensor_57	Sensor_Temperature
Sensor_57_Humidity	Sensor_57	Sensor_Humidity
Sensor_57_AirPressure	Sensor_57	Sensor_AirPressure
Sensor_57_Voltage	Sensor_57	Sensor_Voltage
Sensor_58_Temperature	Sensor_58	Sensor_Temperature
Sensor_58_Humidity	Sensor_58	Sensor_Humidity
Sensor_58_AirPressure	Sensor_58	Sensor_AirPressure
Sensor_58_Voltage	Sensor_58	Sensor_Voltage
